[
  {
    "title": "Catan",
    "players": "3–4",
    "time": "60–90min",
    "mechanics": [
      "gestión",
      "trueque"
    ],
    "teach": "Ganá 10 puntos construyendo caminos, pueblos y ciudades.",
    "pitch": "Clásico de comercio y expansión.",
    "ref": "https://boardgamegeek.com/boardgame/13/catan"
  },
  {
    "title": "Azul",
    "players": "2–4",
    "time": "30–45min",
    "mechanics": [
      "draft",
      "patrones"
    ],
    "teach": "Tomá fichas del mismo color y completá tu pared.",
    "pitch": "Patrones y cerámicas portuguesas.",
    "ref": "https://boardgamegeek.com/boardgame/230802/azul"
  }
]