{
  "categories": [
    {
      "name": "Combos",
      "items": [
        {
          "name": "Ver Combos en Kyte",
          "price": "",
          "desc": "Catálogo actualizado con stock y precios en vivo.",
          "tags": [
            "Combos"
          ],
          "link": "https://lacomarcar4.kyte.site/en/c/combos/1720820480845-UIhBk"
        }
      ]
    },
    {
      "name": "Comidas",
      "items": [
        {
          "name": "Ver Comidas en Kyte",
          "price": "",
          "desc": "Catálogo actualizado con stock y precios en vivo.",
          "tags": [
            "Comidas"
          ],
          "link": "https://lacomarcar4.kyte.site/en/c/comidas/1715052250555-UIhBk"
        }
      ]
    },
    {
      "name": "Bebidas Frías",
      "items": [
        {
          "name": "Ver Bebidas Frías en Kyte",
          "price": "",
          "desc": "Catálogo actualizado con stock y precios en vivo.",
          "tags": [
            "Bebidas Frías"
          ],
          "link": "https://lacomarcar4.kyte.site/en/c/bebidas-frias/2171971292530016-UIhB"
        }
      ]
    },
    {
      "name": "Meriendas",
      "items": [
        {
          "name": "Ver Meriendas en Kyte",
          "price": "",
          "desc": "Catálogo actualizado con stock y precios en vivo.",
          "tags": [
            "Meriendas"
          ],
          "link": "https://lacomarcar4.kyte.site/en/c/meriendas/217197129252941-UIhB"
        }
      ]
    },
    {
      "name": "Bebidas Calientes",
      "items": [
        {
          "name": "Ver Bebidas Calientes en Kyte",
          "price": "",
          "desc": "Catálogo actualizado con stock y precios en vivo.",
          "tags": [
            "Bebidas Calientes"
          ],
          "link": "https://lacomarcar4.kyte.site/en/c/bebidas-calientes/217197129252977-UIhB"
        }
      ]
    },
    {
      "name": "Bebidas con Alcohol",
      "items": [
        {
          "name": "Ver Bebidas con Alcohol en Kyte",
          "price": "",
          "desc": "Catálogo actualizado con stock y precios en vivo.",
          "tags": [
            "Bebidas con Alcohol"
          ],
          "link": "https://lacomarcar4.kyte.site/en/c/bebidas-con-alcohol/2171971292530225-UIhB"
        }
      ]
    },
    {
      "name": "Kiosko",
      "items": [
        {
          "name": "Ver Kiosko en Kyte",
          "price": "",
          "desc": "Catálogo actualizado con stock y precios en vivo.",
          "tags": [
            "Kiosko"
          ],
          "link": "https://lacomarcar4.kyte.site/en/c/kiosko/1749179790704-UIhBk"
        }
      ]
    },
    {
      "name": "Café en Grano",
      "items": [
        {
          "name": "Ver Café en Grano en Kyte",
          "price": "",
          "desc": "Catálogo actualizado con stock y precios en vivo.",
          "tags": [
            "Café en Grano"
          ],
          "link": "https://lacomarcar4.kyte.site/en/c/cafe-en-grano/1732233139391-UIhBk"
        }
      ]
    },
    {
      "name": "Productos Magic",
      "items": [
        {
          "name": "Ver Productos Magic en Kyte",
          "price": "",
          "desc": "Catálogo actualizado con stock y precios en vivo.",
          "tags": [
            "Productos Magic"
          ],
          "link": "https://lacomarcar4.kyte.site/en/c/productos-magic/1715137294326-UIhBk"
        }
      ]
    },
    {
      "name": "Rol",
      "items": [
        {
          "name": "Ver Rol en Kyte",
          "price": "",
          "desc": "Catálogo actualizado con stock y precios en vivo.",
          "tags": [
            "Rol"
          ],
          "link": "https://lacomarcar4.kyte.site/en/c/rol/1715789390819-UIhBk"
        }
      ]
    }
  ]
}